{"random_apfd": 0.49474388000820674, "deepGini_apfd": 0.6954770911996659, "vanillasoftmax_apfd": 0.701956129710351, "pcs_apfd": 0.7028667945676862, "entropy_apfd": 0.6855083705578093, "model": 0.8785189277911158}