{"random_apfd": 0.4518998629940187, "deepGini_apfd": 0.6899573914902116, "vanillasoftmax_apfd": 0.6930303900991279, "pcs_apfd": 0.6891181860548234, "entropy_apfd": 0.6913011713836203, "model": 0.8752553532196405}