{"random_apfd": 0.5051996451609793, "deepGini_apfd": 0.740080417321544, "vanillasoftmax_apfd": 0.7412616069964999, "pcs_apfd": 0.7417437252311757, "entropy_apfd": 0.7403648670800027, "model": 0.9087784088169784}