{"random_apfd": 0.48395239841739185, "deepGini_apfd": 0.6386964904137956, "vanillasoftmax_apfd": 0.6622197735143575, "pcs_apfd": 0.6764067718493082, "entropy_apfd": 0.6209830281824998, "model": 0.8659302691667289}