{"random_apfd": 0.5153896961690885, "deepGini_apfd": 0.7044352215146198, "vanillasoftmax_apfd": 0.7258098542952346, "pcs_apfd": 0.7328190618900216, "entropy_apfd": 0.6938711331059366, "model": 0.8898962913306651}