{"random_apfd": 0.485484292628122, "deepGini_apfd": 0.7679473468153142, "vanillasoftmax_apfd": 0.7681302393915824, "pcs_apfd": 0.7684354204476709, "entropy_apfd": 0.7663761775127473, "model": 0.8261349494425719}