{"random_apfd": 0.4998056671896155, "deepGini_apfd": 0.8179540342280773, "vanillasoftmax_apfd": 0.817835546911378, "pcs_apfd": 0.8171102956451971, "entropy_apfd": 0.8189909773412707, "model": 0.8685249797625956}