{"random_apfd": 0.49581849099315545, "deepGini_apfd": 0.8299038184322645, "vanillasoftmax_apfd": 0.8235464917619673, "pcs_apfd": 0.8193072951703666, "entropy_apfd": 0.8388556181994853, "model": 0.9043147697301683}