{"random_apfd": 0.5059408057986157, "deepGini_apfd": 0.8214758282181881, "vanillasoftmax_apfd": 0.8212067389316965, "pcs_apfd": 0.8180539593400374, "entropy_apfd": 0.8178036981411345, "model": 0.871402202777415}