{"random_apfd": 0.4917610791868008, "deepGini_apfd": 0.8214758282181881, "vanillasoftmax_apfd": 0.8212067389316965, "pcs_apfd": 0.8180539593400374, "entropy_apfd": 0.8178036981411345, "model": 0.8777978755822559}