{"random_apfd": 0.5070960364520474, "deepGini_apfd": 0.7897032149166535, "vanillasoftmax_apfd": 0.7901953787759528, "pcs_apfd": 0.7905134158926729, "entropy_apfd": 0.7857423344003078, "model": 0.895682688775778}