{"random_apfd": 0.49426293823213285, "deepGini_apfd": 0.6939787276837626, "vanillasoftmax_apfd": 0.6940785104140695, "pcs_apfd": 0.6918564197223055, "entropy_apfd": 0.6936246954138704, "model": 0.7124473849067752}