{"random_apfd": 0.49637555779070974, "deepGini_apfd": 0.7474403493226685, "vanillasoftmax_apfd": 0.7599976251486776, "pcs_apfd": 0.7690136783453473, "entropy_apfd": 0.7352989718290746, "model": 0.842154409240766}