{"random_apfd": 0.4992766869710985, "deepGini_apfd": 0.780175714615567, "vanillasoftmax_apfd": 0.7795495491297878, "pcs_apfd": 0.7781448054926542, "entropy_apfd": 0.7812296088523595, "model": 0.8413575443751754}