{"random_apfd": 0.495979261437125, "deepGini_apfd": 0.7300605847429288, "vanillasoftmax_apfd": 0.7598982157390991, "pcs_apfd": 0.7647650270983047, "entropy_apfd": 0.7174883436279551, "model": 0.8240793989791605}