{"random_apfd": 0.4957956778882713, "deepGini_apfd": 0.7007054966231386, "vanillasoftmax_apfd": 0.7111855005945894, "pcs_apfd": 0.7146024149127973, "entropy_apfd": 0.6934723228247845, "model": 0.79329388960721}