{"random_apfd": 0.5119335375736624, "deepGini_apfd": 0.6500409105246229, "vanillasoftmax_apfd": 0.6937230451171259, "pcs_apfd": 0.6802366252252421, "entropy_apfd": 0.6471849811530522, "model": 0.8616185889928829}