{"random_apfd": 0.5252519692744264, "deepGini_apfd": 0.7357563970840061, "vanillasoftmax_apfd": 0.7348981522253208, "pcs_apfd": 0.7330063440807606, "entropy_apfd": 0.7381660061646852, "model": 0.8931780745959522}