{"random_apfd": 0.4955490286092607, "deepGini_apfd": 0.6500409105246229, "vanillasoftmax_apfd": 0.6937230451171259, "pcs_apfd": 0.6802366252252421, "entropy_apfd": 0.6471849811530522, "model": 0.8616232734040992}