{"random_apfd": 0.489427272784188, "deepGini_apfd": 0.7538597106312647, "vanillasoftmax_apfd": 0.7540318793942165, "pcs_apfd": 0.753872231995843, "entropy_apfd": 0.7533087705898189, "model": 0.9305862502895565}