{"random_apfd": 0.4929566470517593, "deepGini_apfd": 0.8286717905608263, "vanillasoftmax_apfd": 0.837294343701213, "pcs_apfd": 0.8459649333493455, "entropy_apfd": 0.8144289660141708, "model": 0.9805872463071935}