{"random_apfd": 0.525394431843673, "deepGini_apfd": 0.7349330774407419, "vanillasoftmax_apfd": 0.7609319309090004, "pcs_apfd": 0.7690573515116772, "entropy_apfd": 0.7236995588345256, "model": 0.912508412053538}