{"random_apfd": 0.4977358855375097, "deepGini_apfd": 0.8065250132291285, "vanillasoftmax_apfd": 0.8062179448040053, "pcs_apfd": 0.8063920096063826, "entropy_apfd": 0.8065434322465095, "model": 0.8751232853014206}