{"random_apfd": 0.506584520123839, "deepGini_apfd": 0.7976682662538699, "vanillasoftmax_apfd": 0.799700773993808, "pcs_apfd": 0.7982309081527348, "entropy_apfd": 0.7938462332301341, "model": 0.8617360681114551}