{"random_apfd": 0.5058039394032827, "deepGini_apfd": 0.75552870533099, "vanillasoftmax_apfd": 0.7553511598269252, "pcs_apfd": 0.7543805948673676, "entropy_apfd": 0.7545833204863359, "model": 0.8087585946412604}