{"random_apfd": 0.497162435500516, "deepGini_apfd": 0.7976682662538699, "vanillasoftmax_apfd": 0.799700773993808, "pcs_apfd": 0.7982309081527348, "entropy_apfd": 0.7938462332301341, "model": 0.881112693498452}