{"random_apfd": 0.4825266166736101, "deepGini_apfd": 0.8358737791047539, "vanillasoftmax_apfd": 0.8362486691663195, "pcs_apfd": 0.8374857658658519, "entropy_apfd": 0.8354553187057353, "model": 0.8915041892329769}