{"random_apfd": 0.5002242818708453, "deepGini_apfd": 0.7561841730554494, "vanillasoftmax_apfd": 0.7552982493611218, "pcs_apfd": 0.7552287783748135, "entropy_apfd": 0.755065817576834, "model": 0.8838588434991794}