{"random_apfd": 0.5039549937423653, "deepGini_apfd": 0.7561841730554494, "vanillasoftmax_apfd": 0.7552982493611218, "pcs_apfd": 0.7552287783748135, "entropy_apfd": 0.755065817576834, "model": 0.8841050270914363}