{"random_apfd": 0.499263484266111, "deepGini_apfd": 0.68630833976938, "vanillasoftmax_apfd": 0.7003730287736188, "pcs_apfd": 0.7083698541561894, "entropy_apfd": 0.6764432273331417, "model": 0.7992546159925281}