{"random_apfd": 0.49085921842840774, "deepGini_apfd": 0.7370609447397859, "vanillasoftmax_apfd": 0.746503695617643, "pcs_apfd": 0.7534577766812779, "entropy_apfd": 0.7201512550229645, "model": 0.8772678959481701}