{"random_apfd": 0.5100024792007386, "deepGini_apfd": 0.6972056942172985, "vanillasoftmax_apfd": 0.7282856943268764, "pcs_apfd": 0.7379881354492832, "entropy_apfd": 0.6841632492048751, "model": 0.8490598898193882}