{"random_apfd": 0.4912125511890222, "deepGini_apfd": 0.68630833976938, "vanillasoftmax_apfd": 0.7003730287736188, "pcs_apfd": 0.7083698541561894, "entropy_apfd": 0.6764432273331417, "model": 0.8135773268553775}