{"random_apfd": 0.4993390147456295, "deepGini_apfd": 0.7768267689194285, "vanillasoftmax_apfd": 0.7688025765742793, "pcs_apfd": 0.758173371239557, "entropy_apfd": 0.7883743320972215, "model": 0.8393838384934446}