{"random_apfd": 0.4981870531716892, "deepGini_apfd": 0.6971876410929922, "vanillasoftmax_apfd": 0.6978322973430938, "pcs_apfd": 0.6959656742742745, "entropy_apfd": 0.6957275282510803, "model": 0.7413128672478029}