{"random_apfd": 0.5031807298546895, "deepGini_apfd": 0.6868167932628798, "vanillasoftmax_apfd": 0.6866537318361956, "pcs_apfd": 0.6831571994715985, "entropy_apfd": 0.682271714002642, "model": 0.8947840984147952}