{"random_apfd": 0.5097016480616872, "deepGini_apfd": 0.6789010793241032, "vanillasoftmax_apfd": 0.7010556267037757, "pcs_apfd": 0.7109093750945376, "entropy_apfd": 0.6737834494673968, "model": 0.8704365699611094}