{"random_apfd": 0.5220528915844656, "deepGini_apfd": 0.7041618053078004, "vanillasoftmax_apfd": 0.7034257714695286, "pcs_apfd": 0.7027009870567325, "entropy_apfd": 0.7055872682216587, "model": 0.865579811459629}