{"random_apfd": 0.4979734944978507, "deepGini_apfd": 0.7021418264023845, "vanillasoftmax_apfd": 0.7048753588524046, "pcs_apfd": 0.7042560429066969, "entropy_apfd": 0.701455392472413, "model": 0.858226224216779}