{"random_apfd": 0.5147155956173751, "deepGini_apfd": 0.641190392933924, "vanillasoftmax_apfd": 0.6460373118864455, "pcs_apfd": 0.6467042893775741, "entropy_apfd": 0.6301399357629446, "model": 0.8655684202346725}