{"random_apfd": 0.5068773052739481, "deepGini_apfd": 0.7021418264023845, "vanillasoftmax_apfd": 0.7048753588524046, "pcs_apfd": 0.7042560429066969, "entropy_apfd": 0.701455392472413, "model": 0.8583207995582417}