{"random_apfd": 0.49929401187350153, "deepGini_apfd": 0.7761325969479012, "vanillasoftmax_apfd": 0.78076954180462, "pcs_apfd": 0.7837882939452754, "entropy_apfd": 0.7619875746850858, "model": 0.8939035087719298}