{"random_apfd": 0.4931855416751997, "deepGini_apfd": 0.8363419573577263, "vanillasoftmax_apfd": 0.8346238651102464, "pcs_apfd": 0.8340698454957107, "entropy_apfd": 0.8381631852003549, "model": 0.9117188317746376}