{"random_apfd": 0.5022479519282788, "deepGini_apfd": 0.7961935331169333, "vanillasoftmax_apfd": 0.7964291096684442, "pcs_apfd": 0.7956160155344307, "entropy_apfd": 0.7917126999768143, "model": 0.879139858180694}