{"random_apfd": 0.5110047098990148, "deepGini_apfd": 0.7435914008350302, "vanillasoftmax_apfd": 0.7435547397215194, "pcs_apfd": 0.7435042985541227, "entropy_apfd": 0.7417692457991403, "model": 0.8174693548055367}