{"random_apfd": 0.4982790694776714, "deepGini_apfd": 0.845198302930622, "vanillasoftmax_apfd": 0.8431127267743221, "pcs_apfd": 0.842089812599681, "entropy_apfd": 0.8460354366028708, "model": 0.910441649222488}