{"random_apfd": 0.5101530103668261, "deepGini_apfd": 0.845198302930622, "vanillasoftmax_apfd": 0.8431127267743221, "pcs_apfd": 0.842089812599681, "entropy_apfd": 0.8460354366028708, "model": 0.9146460077751196}