{"random_apfd": 0.5054227251006895, "deepGini_apfd": 0.8363419573577263, "vanillasoftmax_apfd": 0.8346238651102464, "pcs_apfd": 0.8340698454957107, "entropy_apfd": 0.8381631852003549, "model": 0.9100951145698227}