{"random_apfd": 0.4948627850808892, "deepGini_apfd": 0.750754094410916, "vanillasoftmax_apfd": 0.7528436983974943, "pcs_apfd": 0.7549872481210077, "entropy_apfd": 0.7464580627721528, "model": 0.7880837804326236}