{"random_apfd": 0.5069765740575163, "deepGini_apfd": 0.7043316047014452, "vanillasoftmax_apfd": 0.7237885352147785, "pcs_apfd": 0.7371589474311663, "entropy_apfd": 0.6927624377502858, "model": 0.8398675889649342}