{"random_apfd": 0.5072852895029117, "deepGini_apfd": 0.750754094410916, "vanillasoftmax_apfd": 0.7528436983974943, "pcs_apfd": 0.7549872481210077, "entropy_apfd": 0.7464580627721528, "model": 0.8000446903408923}