{"random_apfd": 0.5085191446977502, "deepGini_apfd": 0.6456596018450041, "vanillasoftmax_apfd": 0.6452146377747093, "pcs_apfd": 0.6441480748432217, "entropy_apfd": 0.6447327394209353, "model": 0.7185596698143454}