{"random_apfd": 0.4971811746299091, "deepGini_apfd": 0.6456596018450041, "vanillasoftmax_apfd": 0.6452146377747093, "pcs_apfd": 0.6441480748432217, "entropy_apfd": 0.6447327394209353, "model": 0.717182670810374}