{"random_apfd": 0.48937313559806594, "deepGini_apfd": 0.7271656000323546, "vanillasoftmax_apfd": 0.7389929684416633, "pcs_apfd": 0.7418028723120885, "entropy_apfd": 0.7167794779465395, "model": 0.7886604965044425}