{"random_apfd": 0.5146353515704535, "deepGini_apfd": 0.6891912485629889, "vanillasoftmax_apfd": 0.7053734036254969, "pcs_apfd": 0.7114084588662413, "entropy_apfd": 0.680641697912849, "model": 0.8514393604791394}